Fraction,Source File,Feature,Peptide,Scan,Tag Length,Denovo Score,ALC (%),length,m/z,z,RT,Predict RT,Area,Mass,ppm,PTM,local confidence (%),tag (>=0%),mode
,Demo-Trypsin-HCD-20250120:3,,LSQAVHK,Demo-Trypsin-HCD-20250120:3,7,99,99,7,391.73040771484375,2,4.832629072,-,0,781.44456,0.8387411226287388,,100 99 99 100 99 99 99,LSQAVHK,HCD
,Demo-Trypsin-HCD-20250120:4,,TKDEYER,Demo-Trypsin-HCD-20250120:4,7,99,99,7,470.7232666015625,2,5.135480256,-,0,939.4296999999999,1.3127146450010798,,99 99 99 99 100 98 100,TKDEYER,HCD
,Demo-Trypsin-HCD-20250120:5,,APQVYTLPPPK,Demo-Trypsin-HCD-20250120:5,11,99,99,11,605.8466796875,2,5.420701936,-,0,1209.67567,1.7272191644299504,,100 100 99 99 99 99 99 99 100 100 99,APQVYTLPPPK,HCD
,Demo-Trypsin-HCD-20250120:6,,SVFLFPPKPK,Demo-Trypsin-HCD-20250120:6,10,99,99,10,580.3488159179688,2,5.71017304,-,0,1158.68002,1.7363171046458525,,100 99 100 99 99 100 99 100 100 99,SVFLFPPKPK,HCD
,Demo-Trypsin-HCD-20250120:7,,FLFPPKPK,Demo-Trypsin-HCD-20250120:7,8,99,99,8,487.2983093261719,2,5.994814896,-,0,972.57958,1.479212985158614,,99 99 99 99 99 99 99 99,FLFPPKPK,HCD
,Demo-Trypsin-HCD-20250120:9,,DSNLHWVK,Demo-Trypsin-HCD-20250120:9,8,99,99,8,499.75775146484375,2,6.418478496,-,0,997.4980499999999,1.85757725303775,,88 100 99 99 100 100 99 99,DSNLHWVK,HCD
,Demo-Trypsin-HCD-20250120:10,,FPAPLEK,Demo-Trypsin-HCD-20250120:10,7,99,99,7,401.2300109863281,2,6.717860336,-,0,800.44315,1.589085566357326,,99 100 99 99 99 93 99,FPAPLEK,HCD
,Demo-Trypsin-HCD-20250120:12,,AAPTVSLFPPSS,Demo-Trypsin-HCD-20250120:12,12,97,97,12,587.3128051757812,2,7.287307184,-,0,1172.6076500000001,2.0129082071072744,,99 96 99 99 97 99 56 99 99 99 99 99,AAPTVSLFPPSS,HCD
,Demo-Trypsin-HCD-20250120:15,,GPELVKPSQVK,Demo-Trypsin-HCD-20250120:15,11,97,97,11,591.3495483398438,2,7.999620384,-,0,1180.68148,1.7080641322379049,,99 100 97 99 99 99 99 99 38 98 99,GPELVKPSQVK,HCD
,Demo-Trypsin-HCD-20250120:17,,WFVDDVEVH,Demo-Trypsin-HCD-20250120:17,9,99,99,9,573.2685546875,2,8.43730336,-,0,1144.51883,2.3410492949868282,,100 100 99 98 99 99 96 99 99,WFVDDVEVH,HCD
,Demo-Trypsin-HCD-20250120:18,,SLSHSPGK,Demo-Trypsin-HCD-20250120:18,8,99,99,8,406.71771240234375,2,8.732862528,-,0,811.41874,1.3369233838419021,,100 95 99 99 99 99 99 99,SLSHSPGK,HCD
,Demo-Trypsin-HCD-20250120:19,,SSVTVPSSTWPS,Demo-Trypsin-HCD-20250120:19,12,96,96,12,617.8028564453125,2,9.017488992,-,0,1233.5876600000001,1.9884202026703413,,100 99 97 95 99 100 99 99 30 99 99 98,SSVTVPSSTWPS,HCD
,Demo-Trypsin-HCD-20250120:68,,VSLFPPSSEQLT,Demo-Trypsin-HCD-20250120:68,12,95,95,12,652.8424072265625,2,23.23593754,-,0,1303.6659000000002,2.5424099263915076,,99 97 99 94 100 99 99 82 11 98 99 97,VSLFPPSSEQLT,HCD
,Demo-Trypsin-HCD-20250120:108,,LSQAVHK,Demo-Trypsin-HCD-20250120:108,7,99,99,7,391.7306213378906,2,34.95065934,-,0,781.44456,1.3854799645371143,,100 99 99 100 99 99 99,LSQAVHK,HCD
,Demo-Trypsin-HCD-20250120:110,,TKDEYER,Demo-Trypsin-HCD-20250120:110,7,99,99,7,470.7232971191406,2,35.38748997,-,0,939.4296999999999,1.3776850799894562,,99 99 98 99 100 98 99,TKDEYER,HCD
,Demo-Trypsin-HCD-20250120:112,,APQVYTLPPPK,Demo-Trypsin-HCD-20250120:112,11,99,99,11,605.8469848632812,2,35.82814691,-,0,1209.67567,2.2317771857547903,,100 100 99 99 100 99 99 99 99 100 99,APQVYTLPPPK,HCD
,Demo-Trypsin-HCD-20250120:114,,SVFLFPPKPK,Demo-Trypsin-HCD-20250120:114,10,99,99,10,580.348876953125,2,36.26467192,-,0,1158.68002,1.841670015193149,,100 100 100 99 99 100 99 100 100 99,SVFLFPPKPK,HCD
,Demo-Trypsin-HCD-20250120:115,,FLFPPKPK,Demo-Trypsin-HCD-20250120:115,8,99,99,8,487.29827880859375,2,36.56070579,-,0,972.57958,1.4164570343807865,,99 99 99 99 99 99 99 99,FLFPPKPK,HCD
,Demo-Trypsin-HCD-20250120:117,,DSNLHWVK,Demo-Trypsin-HCD-20250120:117,8,99,99,8,499.7577819824219,2,36.98516205,-,0,997.4980499999999,1.9187654992202865,,85 100 99 99 100 100 99 99,DSNLHWVK,HCD
,Demo-Trypsin-HCD-20250120:119,,FPAPLEK,Demo-Trypsin-HCD-20250120:119,7,99,99,7,401.2298583984375,2,37.42159306,-,0,800.44315,1.2078270331935403,,99 100 99 99 99 95 99,FPAPLEK,HCD
,Demo-Trypsin-HCD-20250120:121,,AAPTVSLFPPSS,Demo-Trypsin-HCD-20250120:121,12,99,99,12,587.3131103515625,2,37.8634859,-,0,1172.6076500000001,2.5334161216684663,,100 99 99 99 99 99 95 99 100 99 99 99,AAPTVSLFPPSS,HCD
,Demo-Trypsin-HCD-20250120:124,,GPELVKPGASVK,Demo-Trypsin-HCD-20250120:124,12,99,99,12,591.3495483398438,2,38.58270766,-,0,1180.68147,1.7165338315678975,,99 99 97 99 99 99 100 100 98 99 99 99,GPELVKPGASVK,HCD
,Demo-Trypsin-HCD-20250120:126,,WFVDDVEVH,Demo-Trypsin-HCD-20250120:126,9,98,98,9,573.2687377929688,2,39.01958536,-,0,1144.51883,2.6610186374746228,,100 99 99 98 97 74 97 99 99,WFVDDVEVH,HCD
,Demo-Trypsin-HCD-20250120:127,,SLSHSPGK,Demo-Trypsin-HCD-20250120:127,8,99,99,8,406.7178039550781,2,39.31551546,-,0,811.41874,1.5625842661010423,,100 99 100 100 100 99 99 99,SLSHSPGK,HCD
,Demo-Trypsin-HCD-20250120:135,,FLFPPKKTPPKTL,Demo-Trypsin-HCD-20250120:135,13,91,91,13,505.6390380859375,3,41.52699296,-,0,1512.9067200000002,652.3827574857255,,99 94 99 99 99 23 60 91 98 94 6 98 99,FLFPPKKTPPKTL,HCD
,Demo-Trypsin-HCD-20250120:137,,LSSSVPSTSWPS,Demo-Trypsin-HCD-20250120:137,12,96,96,12,617.8027954101562,2,41.96788718,-,0,1233.5876600000001,1.8894646793149925,,99 95 98 93 99 99 99 78 70 82 99 98,LSSSVPSTSWPS,HCD
,Demo-Trypsin-HCD-20250120:151,,SVFLFPPKPK,Demo-Trypsin-HCD-20250120:151,10,99,99,10,387.2348937988281,3,45.96657128,-,0,1158.68002,1.0886495516889947,,100 99 99 99 99 100 100 96 99 99,SVFLFPPKPK,HCD
,Demo-Trypsin-HCD-20250120:216,,LSQAVHK,Demo-Trypsin-HCD-20250120:216,7,99,99,7,391.73046875,2,65.09649323,-,0,781.44456,0.994952220316846,,99 99 98 99 99 99 99,LSQAVHK,HCD
,Demo-Trypsin-HCD-20250120:220,,APQVYTLPPPK,Demo-Trypsin-HCD-20250120:220,11,99,99,11,605.8468017578125,2,66.12610614,-,0,1209.67567,1.9290423729598865,,100 100 99 99 100 99 99 99 99 100 99,APQVYTLPPPK,HCD
,Demo-Trypsin-HCD-20250120:222,,SVFLFPPKPK,Demo-Trypsin-HCD-20250120:222,10,99,99,10,580.3489990234375,2,66.56217717,-,0,1158.68002,2.0523758362877427,,100 100 100 99 100 100 99 100 100 99,SVFLFPPKPK,HCD
,Demo-Trypsin-HCD-20250120:224,,FLFPPKPK,Demo-Trypsin-HCD-20250120:224,8,99,99,8,487.29827880859375,2,66.99802928,-,0,972.57958,1.4164570343807865,,99 99 99 99 99 99 99 99,FLFPPKPK,HCD
,Demo-Trypsin-HCD-20250120:226,,DSNLHWVK,Demo-Trypsin-HCD-20250120:226,8,99,99,8,499.7575378417969,2,67.43368018,-,0,997.4980499999999,1.4292595297599953,,91 99 99 99 100 100 99 99,DSNLHWVK,HCD
,Demo-Trypsin-HCD-20250120:228,,FPAPLEK,Demo-Trypsin-HCD-20250120:228,7,99,99,7,401.22998046875,2,67.875142,-,0,800.44315,1.5128338597245687,,99 100 99 99 99 95 99,FPAPLEK,HCD
,Demo-Trypsin-HCD-20250120:230,,AAPTVSLFPPSS,Demo-Trypsin-HCD-20250120:230,12,99,99,12,587.3126831054688,2,68.31144419,-,0,1172.6076500000001,1.8047050412827976,,100 99 99 99 89 99 96 99 100 99 99 99,AAPTVSLFPPSS,HCD
,Demo-Trypsin-HCD-20250120:231,,FLSDEGHHLFTLS,Demo-Trypsin-HCD-20250120:231,13,82,82,13,751.8743896484375,2,68.60744246,-,0,1501.7200500000001,8.742839169605643,,99 94 97 34 39 97 9 71 96 31 38 99 23,FLSDEGHHLFTLS,HCD
,Demo-Trypsin-HCD-20250120:233,,GPELVKPGASVK,Demo-Trypsin-HCD-20250120:233,12,99,99,12,591.3497314453125,2,69.03143832,-,0,1180.68147,2.026702955760217,,99 100 97 99 99 99 100 99 98 99 85 99,GPELVKPGASVK,HCD
,Demo-Trypsin-HCD-20250120:235,,WFVDDVEVH,Demo-Trypsin-HCD-20250120:235,9,98,98,9,573.2686767578125,2,69.46747219,-,0,1144.51883,2.5543621899786912,,99 99 99 97 99 73 97 99 99,WFVDDVEVH,HCD
,Demo-Trypsin-HCD-20250120:247,,SSVTVPSSTWPS,Demo-Trypsin-HCD-20250120:247,12,97,97,12,617.8023071289062,2,72.71794178,-,0,1233.5876600000001,1.0978204924722026,,100 99 97 53 98 100 99 97 86 99 99 98,SSVTVPSSTWPS,HCD
,Demo-Trypsin-HCD-20250120:327,,APQVYTLPPPK,Demo-Trypsin-HCD-20250120:327,11,99,99,11,605.8471069335938,2,96.2952887,-,0,1209.67567,2.4336003942847264,,100 100 99 99 100 99 99 99 99 100 99,APQVYTLPPPK,HCD
,Demo-Trypsin-HCD-20250120:329,,SVFLFPPKPK,Demo-Trypsin-HCD-20250120:329,10,99,99,10,580.3489379882812,2,96.73156832,-,0,1158.68002,1.9470229257404459,,100 100 100 99 99 100 99 100 100 99,SVFLFPPKPK,HCD
,Demo-Trypsin-HCD-20250120:331,,FLFPPKPK,Demo-Trypsin-HCD-20250120:331,8,99,99,8,487.29833984375,2,97.16718306,-,0,972.57958,1.5419689359364412,,99 99 99 100 99 99 99 99,FLFPPKPK,HCD
,Demo-Trypsin-HCD-20250120:333,,DSNLHWVK,Demo-Trypsin-HCD-20250120:333,8,99,99,8,499.7577819824219,2,97.60285182,-,0,997.4980499999999,1.9187654992202865,,94 100 99 99 100 100 99 99,DSNLHWVK,HCD
,Demo-Trypsin-HCD-20250120:335,,FPAPLEK,Demo-Trypsin-HCD-20250120:335,7,99,99,7,401.2300109863281,2,98.03953587,-,0,800.44315,1.589085566357326,,99 100 99 99 99 95 99,FPAPLEK,HCD
,Demo-Trypsin-HCD-20250120:337,,AAPTVSLFPPSS,Demo-Trypsin-HCD-20250120:337,12,99,99,12,587.3126831054688,2,98.47547698,-,0,1172.6076500000001,1.8047050412827976,,99 99 99 99 99 99 93 99 100 99 99 99,AAPTVSLFPPSS,HCD
,Demo-Trypsin-HCD-20250120:341,,GPELVKPSQVK,Demo-Trypsin-HCD-20250120:341,11,98,98,11,591.3499145507812,2,99.34603514,-,0,1180.68148,2.3284023753684737,,100 100 97 99 99 99 99 99 79 88 99,GPELVKPSQVK,HCD
,Demo-Trypsin-HCD-20250120:344,,WFVDDVEVH,Demo-Trypsin-HCD-20250120:344,9,99,99,9,573.2691040039062,2,100.0847227,-,0,1144.51883,3.3009573224502122,,100 100 99 98 98 99 99 99 99,WFVDDVEVH,HCD
,Demo-Trypsin-HCD-20250120:392,,VTFHNK,Demo-Trypsin-HCD-20250120:392,6,99,99,6,373.20416259765625,2,114.0150313,-,0,744.3918,1.2428875661463492,,99 100 100 100 99 99,VTFHNK,HCD
,Demo-Trypsin-HCD-20250120:421,,SGLSHSPGK,Demo-Trypsin-HCD-20250120:421,9,94,94,9,435.2286987304688,2,122.4649392,-,0,868.4402,1.839459916364868,,99 4 94 99 99 99 97 99 99,SGLSHSPGK,HCD
,Demo-Trypsin-HCD-20250120:435,,APQVYTLPPPK,Demo-Trypsin-HCD-20250120:435,11,99,99,11,605.8470458984375,2,126.4687685,-,0,1209.67567,2.332688790019758,,100 100 99 99 100 99 99 99 99 100 99,APQVYTLPPPK,HCD
,Demo-Trypsin-HCD-20250120:437,,SVFLFPPKPK,Demo-Trypsin-HCD-20250120:437,10,99,99,10,580.3492431640625,2,126.9051651,-,0,1158.68002,2.47378747847693,,100 99 100 99 99 100 99 100 100 99,SVFLFPPKPK,HCD
,Demo-Trypsin-HCD-20250120:439,,FLFPPKPK,Demo-Trypsin-HCD-20250120:439,8,99,99,8,487.2984924316406,2,127.3405445,-,0,972.57958,1.8557486898255782,,100 99 99 99 99 99 99 99,FLFPPKPK,HCD
,Demo-Trypsin-HCD-20250120:441,,DSNLHWVK,Demo-Trypsin-HCD-20250120:441,8,98,98,8,499.7577209472656,2,127.7815382,-,0,997.4980499999999,1.7963890068552135,,78 99 99 99 100 100 99 99,DSNLHWVK,HCD
,Demo-Trypsin-HCD-20250120:443,,FPAPLEK,Demo-Trypsin-HCD-20250120:443,7,99,99,7,401.22998046875,2,128.2174668,-,0,800.44315,1.5128338597245687,,100 100 99 99 99 96 99,FPAPLEK,HCD
,Demo-Trypsin-HCD-20250120:445,,AAPTVSLFPPSS,Demo-Trypsin-HCD-20250120:445,12,97,97,12,587.3126831054688,2,128.6543917,-,0,1172.6076500000001,1.8047050412827976,,99 80 99 99 84 94 88 99 99 99 99 89,AAPTVSLFPPSS,HCD
,Demo-Trypsin-HCD-20250120:449,,GPELVKPGASVK,Demo-Trypsin-HCD-20250120:449,12,96,96,12,591.35009765625,2,129.5262829,-,0,1180.68147,2.647041204144855,,99 99 97 99 99 99 100 99 79 30 99 99,GPELVKPGASVK,HCD
,Demo-Trypsin-HCD-20250120:452,,WFVDDVEVH,Demo-Trypsin-HCD-20250120:452,9,99,99,9,573.2688598632812,2,130.2642951,-,0,1144.51883,2.874331532466486,,100 99 99 98 99 99 98 99 99,WFVDDVEVH,HCD
,Demo-Trypsin-HCD-20250120:490,,VSLFPPSSEQLT,Demo-Trypsin-HCD-20250120:490,12,95,95,12,652.8427734375,2,141.2401337,-,0,1303.6659000000002,3.104227087521518,,99 99 99 97 99 99 87 79 54 69 99 99,VSLFPPSSEQLT,HCD
,Demo-Trypsin-HCD-20250120:495,,LNVQKR,Demo-Trypsin-HCD-20250120:495,6,99,99,6,379.2386779785156,2,142.5727225,-,0,756.46055,1.5942100765050637,,99 99 99 99 99 99,LNVQKR,HCD
,Demo-Trypsin-HCD-20250120:501,,VTFHNK,Demo-Trypsin-HCD-20250120:501,6,99,99,6,373.20452880859375,2,144.1985786,-,0,744.3918,2.226807425285045,,99 100 100 99 99 99,VTFHNK,HCD
,Demo-Trypsin-HCD-20250120:530,,GSLSHSPGK,Demo-Trypsin-HCD-20250120:530,9,98,98,9,435.2288208007813,2,152.6565768,-,0,868.4402,2.120585346762954,,100 64 99 99 99 99 99 99 99,GSLSHSPGK,HCD
,Demo-Trypsin-HCD-20250120:543,,ESETDHVK,Demo-Trypsin-HCD-20250120:543,8,98,98,8,472.7215270996094,2,156.3651104,-,0,943.4246099999999,3.014760468125343,,81 99 97 99 91 100 99 99,ESETDHVK,HCD
,Demo-Trypsin-HCD-20250120:545,,APQVYTLPPPK,Demo-Trypsin-HCD-20250120:545,11,99,99,11,605.847412109375,2,156.8010134,-,0,1209.67567,2.938158415609566,,100 100 99 99 100 99 99 99 99 100 99,APQVYTLPPPK,HCD
,Demo-Trypsin-HCD-20250120:547,,SVFLFPPKPK,Demo-Trypsin-HCD-20250120:547,10,99,99,10,580.3497314453125,2,157.2382136,-,0,1158.68002,3.3166107628553037,,100 100 100 99 99 100 99 99 99 99,SVFLFPPKPK,HCD
,Demo-Trypsin-HCD-20250120:549,,FLFPPKPK,Demo-Trypsin-HCD-20250120:549,8,99,99,8,487.299072265625,2,157.680581,-,0,972.57958,3.0481117546042977,,99 99 99 99 99 99 99 99,FLFPPKPK,HCD
,Demo-Trypsin-HCD-20250120:551,,DSNLHWVK,Demo-Trypsin-HCD-20250120:551,8,99,99,8,499.7583312988281,2,158.1163384,-,0,997.4980499999999,3.0201539305059417,,96 99 99 99 100 100 99 99,DSNLHWVK,HCD
,Demo-Trypsin-HCD-20250120:553,,FPAPLEK,Demo-Trypsin-HCD-20250120:553,7,99,99,7,401.2304992675781,2,158.5536766,-,0,800.44315,2.80911287248144,,99 100 99 100 99 96 99,FPAPLEK,HCD
,Demo-Trypsin-HCD-20250120:555,,AAPTVSLFPPSS,Demo-Trypsin-HCD-20250120:555,12,99,99,12,587.3131713867188,2,158.9904907,-,0,1172.6076500000001,2.6375177045807043,,100 98 99 99 98 99 97 99 99 99 99 99,AAPTVSLFPPSS,HCD
,Demo-Trypsin-HCD-20250120:559,,GPELVKPGASVK,Demo-Trypsin-HCD-20250120:559,12,98,98,12,591.3504028320312,2,159.8691028,-,0,1180.68147,3.163989744465387,,100 99 95 99 99 99 100 99 69 98 99 99,GPELVKPGASVK,HCD
,Demo-Trypsin-HCD-20250120:563,,WFVDDVEVH,Demo-Trypsin-HCD-20250120:563,9,99,99,9,573.2696533203125,2,160.9011513,-,0,1144.51883,4.260865349913596,,99 99 99 99 99 99 98 99 99,WFVDDVEVH,HCD
,Demo-Trypsin-HCD-20250120:614,,TFGSGTKR,Demo-Trypsin-HCD-20250120:614,8,98,98,8,427.2315979003906,2,175.7703912,-,0,852.44529,2.704925240774812,,99 99 99 99 99 79 99 99,TFGSGTKR,HCD
,Demo-Trypsin-HCD-20250120:638,,GSLSHSPGK,Demo-Trypsin-HCD-20250120:638,9,98,98,9,435.2293090820313,2,182.7594593,-,0,868.4402,3.2450870683552986,,100 81 99 99 99 99 99 99 99,GSLSHSPGK,HCD
,Demo-Trypsin-HCD-20250120:651,,ESETDHVK,Demo-Trypsin-HCD-20250120:651,8,99,99,8,472.721435546875,2,186.4562894,-,0,943.4246099999999,2.8206745106369113,,94 99 99 100 94 100 99 99,ESETDHVK,HCD
,Demo-Trypsin-HCD-20250120:652,,ATLTADKGK,Demo-Trypsin-HCD-20250120:652,9,99,99,9,452.7603759765625,2,186.7532228,-,0,903.5024599999999,2.97946407929247,,100 99 99 99 99 92 99 99 99,ATLTADKGK,HCD
,Demo-Trypsin-HCD-20250120:654,,APQVYTLPPPK,Demo-Trypsin-HCD-20250120:654,11,99,99,11,605.8478393554688,2,187.1766487,-,0,1209.67567,3.644539645464342,,100 100 99 99 100 99 99 99 99 100 99,APQVYTLPPPK,HCD
,Demo-Trypsin-HCD-20250120:656,,SVFLFPPKPK,Demo-Trypsin-HCD-20250120:656,10,99,99,10,580.3506469726562,2,187.6107652,-,0,1158.68002,4.896904421064755,,100 100 100 99 99 100 99 100 100 99,SVFLFPPKPK,HCD
,Demo-Trypsin-HCD-20250120:658,,FLFPPKPK,Demo-Trypsin-HCD-20250120:658,8,99,99,8,487.2992248535156,2,188.0340121,-,0,972.57958,3.3618915084934344,,99 99 99 99 99 99 99 99,FLFPPKPK,HCD
,Demo-Trypsin-HCD-20250120:660,,DSNLHWVK,Demo-Trypsin-HCD-20250120:660,8,99,99,8,499.7584533691406,2,188.4658021,-,0,997.4980499999999,3.2649069152360872,,90 100 99 99 100 100 99 99,DSNLHWVK,HCD
,Demo-Trypsin-HCD-20250120:662,,FPAPLEK,Demo-Trypsin-HCD-20250120:662,7,99,99,7,401.2305603027344,2,188.9021699,-,0,800.44315,2.961616285746954,,99 100 99 99 99 97 99,FPAPLEK,HCD
,Demo-Trypsin-HCD-20250120:664,,AAPTVSLFPPSS,Demo-Trypsin-HCD-20250120:664,12,99,99,12,587.3138427734375,2,189.3384769,-,0,1172.6076500000001,3.7826351166153267,,99 99 99 99 97 100 98 99 100 99 99 99,AAPTVSLFPPSS,HCD
,Demo-Trypsin-HCD-20250120:667,,GPELVKPSQVK,Demo-Trypsin-HCD-20250120:667,11,98,98,11,591.3504638671875,2,190.0779288,-,0,1180.68148,3.258909740064327,,99 99 97 99 99 99 99 99 66 99 99,GPELVKPSQVK,HCD
,Demo-Trypsin-HCD-20250120:674,,WFVDDVEVH,Demo-Trypsin-HCD-20250120:674,9,99,99,9,573.2701416015625,2,191.8507037,-,0,1144.51883,5.114116929881049,,100 100 99 98 98 99 98 99 99,WFVDDVEVH,HCD
,Demo-Trypsin-HCD-20250120:710,,VSQVVHK,Demo-Trypsin-HCD-20250120:710,7,98,98,7,398.73919677734375,2,202.3054443,-,0,795.46021,3.2478741929651513,,99 99 86 99 99 99 99,VSQVVHK,HCD
,Demo-Trypsin-HCD-20250120:713,,FGSGTKR,Demo-Trypsin-HCD-20250120:713,7,99,99,7,376.7076110839844,2,203.0298497,-,0,751.39761,2.6779004112277356,,99 100 100 100 99 99 99,FGSGTKR,HCD
,Demo-Trypsin-HCD-20250120:722,,FLFPPKDKPVLTL,Demo-Trypsin-HCD-20250120:722,13,87,87,13,505.6402587890625,3,205.5294679,-,0,1513.89073,4.390255555225048,,99 97 99 99 99 97 31 46 25 11 73 94 96,FLFPPKDKPVLTL,HCD
,Demo-Trypsin-HCD-20250120:724,,TFGSGTKR,Demo-Trypsin-HCD-20250120:724,8,99,99,8,427.231689453125,2,205.9654593,-,0,852.44529,2.9197254993931683,,99 100 100 99 100 99 99 99,TFGSGTKR,HCD
,Demo-Trypsin-HCD-20250120:749,,GSLSHSPGK,Demo-Trypsin-HCD-20250120:749,9,99,99,9,435.2294616699219,2,213.1061168,-,0,868.4402,3.596493856221997,,100 89 99 99 99 100 99 99 99,GSLSHSPGK,HCD
,Demo-Trypsin-HCD-20250120:764,,APQVYTLPPPK,Demo-Trypsin-HCD-20250120:764,11,99,99,11,605.8477783203125,2,217.3675679,-,0,1209.67567,3.543628041199374,,100 100 99 99 100 99 99 99 99 100 99,APQVYTLPPPK,HCD
,Demo-Trypsin-HCD-20250120:766,,SVFLFPPKPK,Demo-Trypsin-HCD-20250120:766,10,99,99,10,580.3499755859375,2,217.7895262,-,0,1158.68002,3.7380224050444903,,100 99 100 99 99 100 99 99 99 99,SVFLFPPKPK,HCD
,Demo-Trypsin-HCD-20250120:768,,FLFPPKPK,Demo-Trypsin-HCD-20250120:768,8,99,99,8,487.2991027832031,2,218.2091418,-,0,972.57958,3.110867705382125,,99 99 99 100 99 99 99 99,FLFPPKPK,HCD
,Demo-Trypsin-HCD-20250120:770,,DSNLHWVK,Demo-Trypsin-HCD-20250120:770,8,99,99,8,499.7583923339844,2,218.6438829,-,0,997.4980499999999,3.1425304228710145,,95 100 99 99 100 100 99 99,DSNLHWVK,HCD
,Demo-Trypsin-HCD-20250120:772,,FPAPLEK,Demo-Trypsin-HCD-20250120:772,7,99,99,7,401.2308044433594,2,219.0654751,-,0,800.44315,3.571629938809011,,99 100 99 99 99 96 99,FPAPLEK,HCD
,Demo-Trypsin-HCD-20250120:774,,AAPTVSLFPPSS,Demo-Trypsin-HCD-20250120:774,12,97,97,12,587.313720703125,2,219.4857648,-,0,1172.6076500000001,3.5744319507908497,,100 99 99 99 93 100 90 99 99 99 99 64,AAPTVSLFPPSS,HCD
,Demo-Trypsin-HCD-20250120:777,,GPELVKPTNVK,Demo-Trypsin-HCD-20250120:777,11,96,96,11,591.3510131835938,2,220.2131355,-,0,1180.68148,4.189417104760181,,99 99 97 99 99 99 99 99 34 81 99,GPELVKPTNVK,HCD
,Demo-Trypsin-HCD-20250120:784,,WFVDDVEVH,Demo-Trypsin-HCD-20250120:784,9,99,99,9,573.2698974609375,2,221.9393947,-,0,1144.51883,4.687491139897323,,99 99 99 97 99 99 98 99 99,WFVDDVEVH,HCD
,Demo-Trypsin-HCD-20250120:822,,LSNYDK,Demo-Trypsin-HCD-20250120:822,6,73,73,6,370.1848754882813,2,232.8096431,-,0,738.35475,-0.8112948921951182,,94 4 21 37 23 98,LSNYDK,HCD
,Demo-Trypsin-HCD-20250120:825,,SLHPSPK,Demo-Trypsin-HCD-20250120:825,7,99,99,7,383.2179565429688,2,233.5298526,-,0,764.41801,3.012861951909186,,99 100 99 100 99 99 100,SLHPSPK,HCD
,Demo-Trypsin-HCD-20250120:834,,TFGSGTKR,Demo-Trypsin-HCD-20250120:834,8,99,99,8,427.2319030761719,2,236.0296939,-,0,852.44529,3.4209261028360007,,99 100 100 100 100 99 99 99,TFGSGTKR,HCD
,Demo-Trypsin-HCD-20250120:861,,GSLSHSPGK,Demo-Trypsin-HCD-20250120:861,9,96,96,9,435.2294006347656,2,243.3131132,-,0,868.4402,3.455931141022954,,99 44 99 99 99 99 99 99 99,GSLSHSPGK,HCD
,Demo-Trypsin-HCD-20250120:876,,APQVYTLPPPK,Demo-Trypsin-HCD-20250120:876,11,99,99,11,605.8482055664062,2,247.5222832,-,0,1209.67567,4.25000927105415,,100 100 99 99 100 99 99 99 99 100 99,APQVYTLPPPK,HCD
,Demo-Trypsin-HCD-20250120:878,,SVFLFPPKPK,Demo-Trypsin-HCD-20250120:878,10,99,99,10,580.3501586914062,2,247.9548697,-,0,1158.68002,4.0540811366863805,,100 99 100 99 99 100 99 100 99 99,SVFLFPPKPK,HCD
,Demo-Trypsin-HCD-20250120:880,,FLFPPKPK,Demo-Trypsin-HCD-20250120:880,8,99,99,8,487.2993469238281,2,248.3838105,-,0,972.57958,3.612915311604744,,99 99 99 99 99 99 99 99,FLFPPKPK,HCD
,Demo-Trypsin-HCD-20250120:882,,DSNLHWVK,Demo-Trypsin-HCD-20250120:882,8,99,99,8,499.7586975097656,2,248.8053688,-,0,997.4980499999999,3.7544128846963782,,94 99 99 99 100 100 99 99,DSNLHWVK,HCD
,Demo-Trypsin-HCD-20250120:884,,FPAPLEK,Demo-Trypsin-HCD-20250120:884,7,99,99,7,401.2301940917969,2,249.2334767,-,0,800.44315,2.0465958061538685,,99 100 99 99 99 97 99,FPAPLEK,HCD
,Demo-Trypsin-HCD-20250120:886,,AAPTVSLFPPSS,Demo-Trypsin-HCD-20250120:886,12,98,98,12,587.3140258789062,2,249.6720585,-,0,1172.6076500000001,4.094939865352042,,99 99 99 99 78 99 99 99 99 99 99 79,AAPTVSLFPPSS,HCD
,Demo-Trypsin-HCD-20250120:890,,GPELVKPSQVK,Demo-Trypsin-HCD-20250120:890,11,98,98,11,591.3507690429688,2,250.6952812,-,0,1180.68148,3.7758582760064683,,99 100 97 99 99 99 99 99 70 98 99,GPELVKPSQVK,HCD
,Demo-Trypsin-HCD-20250120:897,,WFVDDVEVH,Demo-Trypsin-HCD-20250120:897,9,99,99,9,573.2701416015625,2,252.2825818,-,0,1144.51883,5.114116929881049,,100 100 99 98 99 99 98 99 99,WFVDDVEVH,HCD
,Demo-Trypsin-HCD-20250120:937,,SLHPSPK,Demo-Trypsin-HCD-20250120:937,7,99,99,7,383.2178955078125,2,263.7570896,-,0,764.41801,2.85317142785457,,100 100 100 100 99 99 100,SLHPSPK,HCD
,Demo-Trypsin-HCD-20250120:945,,GTLSKPR,Demo-Trypsin-HCD-20250120:945,7,98,98,7,379.7317199707031,2,265.9763004,-,0,757.44456,4.330272576353998,,99 93 99 99 99 99 92,GTLSKPR,HCD
,Demo-Trypsin-HCD-20250120:964,,RADAAPT,Demo-Trypsin-HCD-20250120:964,7,94,94,7,351.1839294433594,2,271.0152923,-,0,700.35032,2.7684526777826632,,99 99 98 99 99 99 27,RADAAPT,HCD
,Demo-Trypsin-HCD-20250120:983,,SLSSGHPG,Demo-Trypsin-HCD-20250120:983,8,93,93,8,371.1814880371094,2,276.287174,-,0,740.34524,2.88524070042078,,99 99 99 99 93 84 99 21,SLSSGHPG,HCD
,Demo-Trypsin-HCD-20250120:988,,APQVYTLPPPK,Demo-Trypsin-HCD-20250120:988,11,99,99,11,605.848876953125,2,277.606956,-,0,1209.67567,5.360036917968798,,100 100 99 99 99 99 99 99 99 100 99,APQVYTLPPPK,HCD
,Demo-Trypsin-HCD-20250120:990,,SVFLFPPKPK,Demo-Trypsin-HCD-20250120:990,10,99,99,10,580.3501586914062,2,278.042427,-,0,1158.68002,4.0540811366863805,,100 99 100 99 99 100 99 100 99 98,SVFLFPPKPK,HCD
,Demo-Trypsin-HCD-20250120:992,,FLFPPKPK,Demo-Trypsin-HCD-20250120:992,8,99,99,8,487.299560546875,2,278.4693028,-,0,972.57958,4.0522069670495355,,99 99 99 99 99 99 99 99,FLFPPKPK,HCD
,Demo-Trypsin-HCD-20250120:994,,DSNLHWVK,Demo-Trypsin-HCD-20250120:994,8,99,99,8,499.75872802734375,2,278.8892949,-,0,997.4980499999999,3.815601130878915,,89 99 99 99 100 100 99 99,DSNLHWVK,HCD
,Demo-Trypsin-HCD-20250120:996,,FPAPLEK,Demo-Trypsin-HCD-20250120:996,7,99,99,7,401.2305908203125,2,279.3256468,-,0,800.44315,3.037867992379711,,99 100 99 99 99 95 99,FPAPLEK,HCD
,Demo-Trypsin-HCD-20250120:998,,AAPTVSLFPPSS,Demo-Trypsin-HCD-20250120:998,12,96,96,12,587.314208984375,2,279.7681258,-,0,1172.6076500000001,4.407244614088757,,99 99 99 99 99 97 20 99 99 99 99 99,AAPTVSLFPPSS,HCD
,Demo-Trypsin-HCD-20250120:1002,,GPELVKPSQVK,Demo-Trypsin-HCD-20250120:1002,11,97,97,11,591.3510131835938,2,280.79353,-,0,1180.68148,4.189417104760181,,100 100 96 99 99 99 99 91 63 99 99,GPELVKPSQVK,HCD
,Demo-Trypsin-HCD-20250120:1011,,WFVDDVEVH,Demo-Trypsin-HCD-20250120:1011,9,99,99,9,573.270263671875,2,283.1389164,-,0,1144.51883,5.327429824872912,,100 99 99 98 99 92 98 99 99,WFVDDVEVH,HCD
,Demo-Trypsin-HCD-20250120:1043,,KLEDGPK,Demo-Trypsin-HCD-20250120:1043,7,98,98,7,393.7231140136719,2,292.2899978,-,0,785.42823,3.053146362991761,,99 100 98 77 99 99 99,KLEDGPK,HCD
,Demo-Trypsin-HCD-20250120:1057,,GTLSKPR,Demo-Trypsin-HCD-20250120:1057,7,99,99,7,379.7313232421875,2,296.2843256,-,0,757.44456,3.2827278804755307,,99 98 99 99 99 99 97,GTLSKPR,HCD
,Demo-Trypsin-HCD-20250120:1093,,SLSGHSPG,Demo-Trypsin-HCD-20250120:1093,8,97,97,8,371.1814575195313,2,306.4959579,-,0,740.34524,2.802799221987944,,99 99 100 100 99 99 99 65,SLSGHSPG,HCD
,Demo-Trypsin-HCD-20250120:1098,,APQVYTLPPPK,Demo-Trypsin-HCD-20250120:1098,11,99,99,11,605.8477783203125,2,307.8282716,-,0,1209.67567,3.543628041199374,,100 100 99 99 100 99 99 99 99 100 99,APQVYTLPPPK,HCD
,Demo-Trypsin-HCD-20250120:1100,,SVFLFPPKPK,Demo-Trypsin-HCD-20250120:1100,10,99,99,10,580.349853515625,2,308.2640208,-,0,1158.68002,3.527316583949897,,100 99 100 99 99 100 99 100 99 99,SVFLFPPKPK,HCD
,Demo-Trypsin-HCD-20250120:1102,,FLFPPKPK,Demo-Trypsin-HCD-20250120:1102,8,99,99,8,487.2993774414063,2,308.701985,-,0,972.57958,3.6756712624994634,,99 99 99 99 99 99 99 99,FLFPPKPK,HCD
,Demo-Trypsin-HCD-20250120:1104,,DSNLHWVK,Demo-Trypsin-HCD-20250120:1104,8,99,99,8,499.7584228515625,2,309.1375636,-,0,997.4980499999999,3.2037186690535506,,95 100 99 99 100 100 99 99,DSNLHWVK,HCD
,Demo-Trypsin-HCD-20250120:1106,,FPAPLEK,Demo-Trypsin-HCD-20250120:1106,7,99,99,7,401.2304382324219,2,309.5787579,-,0,800.44315,2.6566094592159257,,99 100 99 99 99 95 99,FPAPLEK,HCD
,Demo-Trypsin-HCD-20250120:1108,,AAPTVTVFPPSS,Demo-Trypsin-HCD-20250120:1108,12,98,98,12,587.3137817382812,2,310.0167526,-,0,1172.6076500000001,3.678533533703088,,99 99 99 99 92 100 72 99 99 99 99 99,AAPTVTVFPPSS,HCD
,Demo-Trypsin-HCD-20250120:1112,,GPELVKPSQVK,Demo-Trypsin-HCD-20250120:1112,11,97,97,11,591.3507690429688,2,311.0500192,-,0,1180.68148,3.7758582760064683,,99 100 98 99 99 99 99 99 52 99 99,GPELVKPSQVK,HCD
,Demo-Trypsin-HCD-20250120:1122,,WFVDDVEVH,Demo-Trypsin-HCD-20250120:1122,9,99,99,9,573.26953125,2,313.7107664,-,0,1144.51883,4.047552454921733,,100 99 99 99 99 99 99 99 99,WFVDDVEVH,HCD
,Demo-Trypsin-HCD-20250120:1133,,VHTAQTQPR,Demo-Trypsin-HCD-20250120:1133,9,99,99,9,519.280029296875,2,316.8275852,-,0,1036.54132,3.0279485144007787,,99 100 99 99 99 98 90 99 98,VHTAQTQPR,HCD
,Demo-Trypsin-HCD-20250120:1166,,GTLSKPR,Demo-Trypsin-HCD-20250120:1166,7,99,99,7,379.7310485839844,2,326.4973227,-,0,757.44456,2.557504629482745,,99 98 99 99 99 99 94,GTLSKPR,HCD
,Demo-Trypsin-HCD-20250120:1183,,DEYERH,Demo-Trypsin-HCD-20250120:1183,6,99,99,6,424.6819458007813,2,331.3972989,-,0,847.34597,2.7398508341268926,,98 99 99 97 99 99,DEYERH,HCD
,Demo-Trypsin-HCD-20250120:1201,,SLSGHSPG,Demo-Trypsin-HCD-20250120:1201,8,96,96,8,371.1816101074219,2,336.5808434,-,0,740.34524,3.215006614766363,,99 99 100 100 98 99 99 54,SLSGHSPG,HCD
,Demo-Trypsin-HCD-20250120:1207,,APQVYTLPPPK,Demo-Trypsin-HCD-20250120:1207,11,99,99,11,605.8475952148438,2,337.9014892,-,0,1209.67567,3.2408932284044702,,100 100 99 99 99 99 99 99 99 100 99,APQVYTLPPPK,HCD
,Demo-Trypsin-HCD-20250120:1210,,SVFLFPPKPK,Demo-Trypsin-HCD-20250120:1210,10,99,99,10,580.35009765625,2,338.6352842,-,0,1158.68002,3.948728226139084,,100 99 100 99 99 100 99 99 99 99,SVFLFPPKPK,HCD
,Demo-Trypsin-HCD-20250120:1212,,FLFPPKPK,Demo-Trypsin-HCD-20250120:1212,8,99,99,8,487.2991638183594,2,339.0492679,-,0,972.57958,3.23637960693778,,99 99 99 99 99 99 99 99,FLFPPKPK,HCD
,Demo-Trypsin-HCD-20250120:1214,,DSNLHWVK,Demo-Trypsin-HCD-20250120:1214,8,98,98,8,499.7583618164063,2,339.4828921,-,0,997.4980499999999,3.08134217680245,,83 100 99 99 100 100 99 99,DSNLHWVK,HCD
,Demo-Trypsin-HCD-20250120:1216,,FPAPLEK,Demo-Trypsin-HCD-20250120:1216,7,99,99,7,401.2306213378906,2,339.925301,-,0,800.44315,3.1141196990124684,,99 100 99 99 99 97 99,FPAPLEK,HCD
,Demo-Trypsin-HCD-20250120:1218,,AAPTVSLFPPSS,Demo-Trypsin-HCD-20250120:1218,12,96,96,12,587.3134765625,2,340.3538461,-,0,1172.6076500000001,3.1580256191418963,,100 98 99 99 96 98 31 99 99 99 99 99,AAPTVSLFPPSS,HCD
,Demo-Trypsin-HCD-20250120:1222,,GPELVKPGASVK,Demo-Trypsin-HCD-20250120:1222,12,96,96,12,591.3509521484375,2,341.3690411,-,0,1180.68147,4.094497117042345,,99 99 95 99 99 99 100 99 80 41 99 99,GPELVKPGASVK,HCD
,Demo-Trypsin-HCD-20250120:1232,,WFVDDVEVH,Demo-Trypsin-HCD-20250120:1232,9,99,99,9,573.2702026367188,2,344.0043157,-,0,1144.51883,5.22077337737698,,100 100 99 98 98 99 98 99 99,WFVDDVEVH,HCD
,Demo-Trypsin-HCD-20250120:1243,,VHTAQTQPR,Demo-Trypsin-HCD-20250120:1243,9,98,98,9,519.2802124023438,2,347.0921918,-,0,1036.54132,3.3812493721996746,,99 99 99 99 93 99 88 99 97,VHTAQTQPR,HCD
,Demo-Trypsin-HCD-20250120:1269,,SSVTVPSSTWPS,Demo-Trypsin-HCD-20250120:1269,12,94,94,12,617.803955078125,2,354.5834534,-,0,1233.5876600000001,3.7696196230666184,,99 99 99 97 99 100 99 88 1 94 99 98,SSVTVPSSTWPS,HCD
,Demo-Trypsin-HCD-20250120:1278,,GTLSKPR,Demo-Trypsin-HCD-20250120:1278,7,97,97,7,379.731201171875,2,357.0529969,-,0,757.44456,2.960406435589848,,99 84 99 99 99 99 82,GTLSKPR,HCD
,Demo-Trypsin-HCD-20250120:1296,,VVHAVQHNHHTTK,Demo-Trypsin-HCD-20250120:1296,13,86,86,13,377.9500732421875,4,362.1458183,-,0,1506.78031,656.2223850336892,,99 98 4 74 77 33 73 49 38 99 99 99 99,VVHAVQHNHHTTK,HCD
,Demo-Trypsin-HCD-20250120:1299,,SVFLFPPKPK,Demo-Trypsin-HCD-20250120:1299,10,99,99,10,387.2355651855469,3,362.8571604,-,0,1158.68002,2.826972575719391,,100 99 99 95 99 100 100 99 99 98,SVFLFPPKPK,HCD
,Demo-Trypsin-HCD-20250120:1313,,SLSGHSPG,Demo-Trypsin-HCD-20250120:1313,8,95,95,8,371.1819763183594,2,366.7721093,-,0,740.34524,4.204304357803112,,99 99 100 100 99 99 99 36,SLSGHSPG,HCD
,Demo-Trypsin-HCD-20250120:1320,,APQVYTLPPPK,Demo-Trypsin-HCD-20250120:1320,11,99,99,11,605.8480224609375,2,368.2018081,-,0,1209.67567,3.947274458259246,,100 100 99 99 100 99 99 99 99 100 99,APQVYTLPPPK,HCD
,Demo-Trypsin-HCD-20250120:1323,,SVFLFPPKPK,Demo-Trypsin-HCD-20250120:1323,10,99,99,10,580.3502807617188,2,368.9188966,-,0,1158.68002,4.2647869577809745,,100 99 100 99 99 100 99 100 99 99,SVFLFPPKPK,HCD
,Demo-Trypsin-HCD-20250120:1325,,FLFPPKPK,Demo-Trypsin-HCD-20250120:1325,8,99,99,8,487.2996520996094,2,369.3538665,-,0,972.57958,4.240474819383017,,99 99 99 100 99 99 99 99,FLFPPKPK,HCD
,Demo-Trypsin-HCD-20250120:1328,,DSNLHWVK,Demo-Trypsin-HCD-20250120:1328,8,99,99,8,499.75927734375,2,370.0630468,-,0,997.4980499999999,4.91698956216457,,85 99 99 99 100 100 99 99,DSNLHWVK,HCD
,Demo-Trypsin-HCD-20250120:1330,,FPAPLEK,Demo-Trypsin-HCD-20250120:1330,7,99,99,7,401.2309265136719,2,370.4819388,-,0,800.44315,3.8766367653400398,,99 100 99 99 99 97 99,FPAPLEK,HCD
,Demo-Trypsin-HCD-20250120:1331,,AAPTVSLFPPSS,Demo-Trypsin-HCD-20250120:1331,12,98,98,12,587.314208984375,2,370.77748,-,0,1172.6076500000001,4.407244614088757,,99 81 99 99 87 99 94 99 99 99 99 99,AAPTVSLFPPSS,HCD
,Demo-Trypsin-HCD-20250120:1336,,GPELVKPSQVK,Demo-Trypsin-HCD-20250120:1336,11,98,98,11,591.350830078125,2,372.0711739,-,0,1180.68148,3.8792479831948965,,100 100 97 99 99 99 100 100 76 99 99,GPELVKPSQVK,HCD
,Demo-Trypsin-HCD-20250120:1345,,WFVDDVEVH,Demo-Trypsin-HCD-20250120:1345,9,99,99,9,573.2703247070312,2,374.4151186,-,0,1144.51883,5.434086272368843,,99 99 99 98 98 99 98 99 99,WFVDDVEVH,HCD
,Demo-Trypsin-HCD-20250120:1392,,EEERPAPGEEEEEEEEEDLDGSER,Demo-Trypsin-HCD-20250120:1392,24,75,75,24,1409.5589599609375,2,383.8603108,-,0,2817.12191,-6.953933394036266,,63 57 49 30 86 7 90 12 25 26 28 26 23 23 18 21 12 61 86 97 99 99 99 99,EEERPAPGEEEEEEEEEDLDGSER,HCD
,Demo-Trypsin-HCD-20250120:1449,,VVHEGLHNHHTTK,Demo-Trypsin-HCD-20250120:1449,13,97,97,13,377.9503784179688,4,394.9969714,-,0,1507.76432,3.9752047424299173,,99 99 99 96 98 51 99 99 99 99 99 99 99,VVHEGLHNHHTTK,HCD
,Demo-Trypsin-HCD-20250120:1465,,SLSGHSPG,Demo-Trypsin-HCD-20250120:1465,8,96,96,8,371.1817626953125,2,398.0668917,-,0,740.34524,3.627214007698342,,99 99 100 100 97 99 99 51,SLSGHSPG,HCD
